{"AFG":{"forestChange":[0.2829676091441613,0.0,0.0]},"AGO":{"forestChange":[30.833486068571116,0.00045790642786896406,0.01959659940130982]},"ALB":{"forestChange":[18.045681322107885,0.005203461178671655,0.01590271281571562]},"ARE":{"forestChange":[0.0,0.0,0.0]},"ARG":{"forestChange":[8.519581459820163,0.0017931018839022561,0.017511598008929586]},"ARM":{"forestChange":[9.144583495483689,0.0,0.0]},"ATA":{"forestChange":null},"ATF":{"forestChange":[0.0,0.0,0.0]},"AUS":{"forestChange":[4.767848441719221,0.002207133455327633,0.008853235880588334]},"AUT":{"forestChange":[45.52199229324687,0.00876765114747702,0.025985903470477793]},"AZE":{"forestChange":[11.882142994945417,0.0,0.0032797005826291662]},"BDI":{"forestChange":[22.150581733566028,0.0,0.0]},"BEL":{"forestChange":[22.21602567219332,0.009805351615046757,0.012398502455389702]},"BEN":{"forestChange":[13.939127637673703,0.0,0.03746783324755533]},"BFA":{"forestChange":[3.455437327558728,0.0,0.012492717619513491]},"BGD":{"forestChange":[10.556928776240605,0.001334268193139245,0.00266853638627849]},"BGR":{"forestChange":[31.958305409041845,0.010252265065048682,0.015915567174334556]},"BHS":{"forestChange":[6.198162205353574,0.0,0.0056376792293691995]},"BIH":{"forestChange":[46.505630704219236,0.0027772332222440054,0.0]},"BLR":{"forestChange":[35.35518276647968,0.020897615708274912,0.021772002103786835]},"BLZ":{"forestChange":[76.52208662200701,0.0,0.05773695032168202]},"BMU":{"forestChange":[1.2142857142857142,0.0,0.0]},"BOL":{"forestChange":[51.07933613391032,0.0013742407993231193,0.0346834126440932]},"BRA":{"forestChange":[55.55771596344443,0.009554404373157807,0.04990373365297524]},"BRN":{"forestChange":[71.17792632626939,0.018133978096998998,0.03619684255440192]},"BTN":{"forestChange":[52.93448650888189,0.0,0.0]},"BWA":{"forestChange":[2.2150294467457825,0.0,0.0]},"CAF":{"forestChange":[49.16261700479911,0.00028660458933221127,0.01198129142808359]},"CAN":{"forestChange":[26.572855564880207,0.00709098145477524,0.027583280497234748]},"CHE":{"forestChange":[32.448733001242495,0.008720234363422893,0.008902618350108861]},"CHL":{"forestChange":[20.650748204080763,0.017077012232907272,0.016488174473847348]},"CHN":{"forestChange":[12.232902642399575,0.0025773105451296473,0.00762186901404555]},"CIV":{"forestChange":[33.74361345270492,0.007431660387575203,0.07171242525892652]},"CMR":{"forestChange":[54.32260070704021,0.0004206608829919382,0.018535473259989874]},"COD":{"forestChange":[71.21327472121732,0.006267385538962724,0.03500034856993033]},"COG":{"forestChange":[71.49878842729113,0.004008632595909625,0.015650510118147998]},"COL":{"forestChange":[66.82130036478873,0.004713533499496558,0.024577851872637526]},"CRI":{"forestChange":[62.78714747130137,0.007466547351053566,0.03513751590486444]},"CS-KM":{"forestChange":[28.258932621075438,0.0,0.003023736330192007]},"CUB":{"forestChange":[26.959520109943877,0.01691872450274551,0.02155543312058539]},"CYP":{"forestChange":[10.202512410090161,0.0,0.0]},"CZE":{"forestChange":[32.603290665230766,0.012408830583973756,0.029204806892163083]},"DEU":{"forestChange":[28.5985264224211,0.006199561033260177,0.012931284821880815]},"DJI":{"forestChange":[0.006768999350449556,0.0,0.0]},"DNK":{"forestChange":[9.503791993562665,0.0025648762824381412,0.009736471534902433]},"DOM":{"forestChange":[43.62762853103094,0.014139165488402878,0.034791372100719004]},"DZA":{"forestChange":[0.4166429805762419,7.410985347174124e-05,0.00043768407579781305]},"ECU":{"forestChange":[68.84256880957307,0.004653243575541405,0.024443984564256747]},"EGY":{"forestChange":[0.31833038010428344,0.0,0.0]},"ERI":{"forestChange":[0.12685433367507024,0.0,0.0]},"ESH":{"forestChange":[0.0,0.0,0.0]},"ESP":{"forestChange":[16.981425655464093,0.006545034518332741,0.013888840372651296]},"EST":{"forestChange":[45.76429091366588,0.013749472038246896,0.05248164490415809]},"ETH":{"forestChange":[10.906000873939547,0.0003397173551605065,0.003397173551605065]},"FIN":{"forestChange":[45.46604242557436,0.024846792215041304,0.05790680532352077]},"FJI":{"forestChange":[51.85226066652513,0.0,0.0270643175546593]},"FLK":{"forestChange":[0.03292828627211003,0.0,0.0]},"FRA":{"forestChange":[24.87869448589834,0.009039046413661527,0.01830477737688196]},"GAB":{"forestChange":[83.50144475102127,0.00216712653186101,0.010113257148684714]},"GBR":{"forestChange":[11.041952575034518,0.007962808785571896,0.01469219844262696]},"GEO":{"forestChange":[36.42378348057777,0.002103491796381995,0.0]},"GHA":{"forestChange":[24.47170332741298,0.007359060027573188,0.032721423869437244]},"GIN":{"forestChange":[27.536851480739266,0.0027974571992184696,0.024643967120469432]},"GMB":{"forestChange":[9.594069367222664,0.0,0.0]},"GNB":{"forestChange":[22.713525004643877,0.0,0.03469484633960084]},"GNQ":{"forestChange":[81.76672755374459,0.0,0.0]},"GRC":{"forestChange":[19.94535607980234,0.0,0.01651783899510833]},"GRL":{"forestChange":[0.0,0.0,0.0]},"GTM":{"forestChange":[60.563592128609045,0.013710414538416043,0.09687348782192592]},"GUF":{"forestChange":[97.93744028431371,0.0031967425372134784,0.0031967425372134784]},"GUY":{"forestChange":[89.85388098060322,0.0,0.006466790637653109]},"HND":{"forestChange":[56.452196617391074,0.0033124626536073375,0.05819542230651323]},"HRV":{"forestChange":[36.56872190109182,0.0048169556840077085,0.010049491858400397]},"HTI":{"forestChange":[21.790240811153353,0.0,0.011102661596958175]},"HUN":{"forestChange":[18.306474576271192,0.01301129943502825,0.019265536723163845]},"IDN":{"forestChange":[73.13858326406574,0.03265364233834899,0.09821342953274412]},"IND":{"forestChange":[9.364445459152979,0.0006260097336144437,0.003235834270116157]},"IRL":{"forestChange":[9.964059847617548,0.010066716671272357,0.010066716671272357]},"IRN":{"forestChange":[0.8716732642662677,0.0,0.0]},"IRQ":{"forestChange":[0.04348509787784376,0.0,0.0]},"ISL":{"forestChange":[0.0,0.0,0.0]},"ISR":{"forestChange":[1.1478006198640847,0.0,0.0]},"ITA":{"forestChange":[25.201374757253774,0.0043524442711891115,0.00530733549584605]},"JAM":{"forestChange":[51.23612730240147,0.0,0.04459081370948938]},"JOR":{"forestChange":[0.025370941677684743,0.0,0.0]},"JPN":{"forestChange":[54.97166847683615,0.008780195498295956,0.00855248867083631]},"KAZ":{"forestChange":[1.3253964219845653,7.765164907531668e-05,0.00043046022856969027]},"KEN":{"forestChange":[6.824828054573221,0.0029837873570564425,0.006255495346143862]},"KGZ":{"forestChange":[2.8234548038190996,0.0,0.0]},"KHM":{"forestChange":[39.70398108646481,0.007477063657298524,0.09754950282435038]},"KOR":{"forestChange":[34.83216639465785,0.0,0.021989111340899755]},"KWT":{"forestChange":[0.0,0.0,0.0]},"LAO":{"forestChange":[68.98500613931833,0.015835643489158113,0.0714186255522223]},"LBN":{"forestChange":[4.723554657914666,0.0,0.0]},"LBR":{"forestChange":[64.26270204283462,0.008862070031214267,0.06543406372655068]},"LBY":{"forestChange":[0.004153618867534399,0.0,0.0]},"LKA":{"forestChange":[46.497405846111114,0.002953166257469775,0.01453421040441007]},"LSO":{"forestChange":[2.145676441387995,0.0,0.0]},"LTU":{"forestChange":[29.4886219061832,0.016821285872458083,0.03228091409865831]},"LUX":{"forestChange":[35.05769627034824,0.0,0.0]},"LVA":{"forestChange":[42.80864511106565,0.01958080711453585,0.07036687624111841]},"MAR":{"forestChange":[0.9610151890765012,0.0002856563542855735,0.0014193200034502808]},"MDA":{"forestChange":[9.088357958035626,0.0,0.0]},"MDG":{"forestChange":[25.06946330587543,0.005478541158121066,0.033602208040327555]},"MEX":{"forestChange":[21.15452392727548,0.002797064657471962,0.013611130483544108]},"MKD":{"forestChange":[26.600155795358226,0.012234517836277409,0.035397621829679024]},"MLI":{"forestChange":[1.5745539313074606,0.0,0.001698354542125389]},"MLT":{"forestChange":[0.1907894736842105,0.0,0.0]},"MMR":{"forestChange":[50.34803645019553,0.005694032276669153,0.02827721443327079]},"MNE":{"forestChange":[37.20728126834996,0.0,0.010695411458770235]},