{"AFG":{"elevation":1863.0449018704971},"AGO":{"elevation":1072.9619956316815},"ALB":{"elevation":618.8562628336757},"ARE":{"elevation":124.34210214480386},"ARG":{"elevation":703.6111667286403},"ARM":{"elevation":1785.1525423728813},"ATA":{"elevation":null},"ATF":{"elevation":264.12905982905994},"AUS":{"elevation":283.68327098116765},"AUT":{"elevation":902.9626284646529},"AZE":{"elevation":644.8482157539877},"BDI":{"elevation":1494.9279850746268},"BEL":{"elevation":149.24179983179144},"BEN":{"elevation":269.39385727190603},"BFA":{"elevation":297.9738584994918},"BGD":{"elevation":40.38069363386328},"BGR":{"elevation":487.3412594721714},"BHS":{"elevation":5.514047866805411},"BIH":{"elevation":732.1134249618217},"BLR":{"elevation":161.67179515818282},"BLZ":{"elevation":156.49609195402294},"BMU":{"elevation":18.0},"BOL":{"elevation":1307.343718057739},"BRA":{"elevation":331.1082512236484},"BRN":{"elevation":303.949494949495},"BTN":{"elevation":2467.679823594267},"BWA":{"elevation":1039.7639498097233},"CAF":{"elevation":604.3290792504512},"CAN":{"elevation":514.1009629459961},"CHE":{"elevation":1403.534954849986},"CHL":{"elevation":1241.1973950076178},"CHN":{"elevation":1806.9869640626628},"CIV":{"elevation":272.41237174369434},"CMR":{"elevation":654.0296291479724},"COD":{"elevation":674.9174146842469},"COG":{"elevation":429.1329669690627},"COL":{"elevation":550.1854353714845},"CRI":{"elevation":602.2402703809914},"CS-KM":{"elevation":813.7627337201806},"CUB":{"elevation":105.87418492784606},"CYP":{"elevation":343.882005899705},"CZE":{"elevation":436.12703735475304},"DEU":{"elevation":248.12658140099143},"DJI":{"elevation":488.37929515418494},"DNK":{"elevation":27.534950071326698},"DOM":{"elevation":427.70366513952524},"DZA":{"elevation":563.0095386852868},"ECU":{"elevation":1123.3678536680284},"EGY":{"elevation":307.9323834498312},"ERI":{"elevation":769.0743375858684},"ESH":{"elevation":321.0370817843866},"ESP":{"elevation":704.2472051425377},"EST":{"elevation":63.115875805506725},"ETH":{"elevation":1249.7410047493224},"FIN":{"elevation":20.403973509933774},"FJI":{"elevation":218.60167818361305},"FLK":{"elevation":79.62935689739814},"FRA":{"elevation":354.00465912811336},"GAB":{"elevation":369.3820738668582},"GBR":{"elevation":168.77936212021967},"GEO":{"elevation":1167.7733431362249},"GHA":{"elevation":182.99119362132566},"GIN":{"elevation":458.2065128120894},"GMB":{"elevation":27.900429799426938},"GNB":{"elevation":35.601233299075034},"GNQ":{"elevation":433.4267764298094},"GRC":{"elevation":522.7704385848682},"GRL":{"elevation":null},"GTM":{"elevation":757.3632055148646},"GUF":{"elevation":151.3953847983823},"GUY":{"elevation":214.15170049115008},"HND":{"elevation":633.8736320109438},"HRV":{"elevation":314.7974825523431},"HTI":{"elevation":458.1470266326159},"HUN":{"elevation":158.02310183519256},"IDN":{"elevation":335.9265928945836},"IND":{"elevation":579.4412470644371},"IRL":{"elevation":110.43958397063324},"IRN":{"elevation":1271.451452038721},"IRQ":{"elevation":289.8172212230216},"ISL":{"elevation":null},"ISR":{"elevation":308.31982164572355},"ITA":{"elevation":519.5606110092203},"JAM":{"elevation":326.088768115942},"JOR":{"elevation":741.2095058823526},"JPN":{"elevation":401.67921983149455},"KAZ":{"elevation":351.7406772037116},"KEN":{"elevation":786.0439068692206},"KGZ":{"elevation":2575.021448123289},"KHM":{"elevation":149.455694143167},"KOR":{"elevation":258.215472876065},"KWT":{"elevation":130.9639934533552},"LAO":{"elevation":650.1264970361706},"LBN":{"elevation":922.3563336766221},"LBR":{"elevation":228.770949145563},"LBY":{"elevation":421.07726046788446},"LKA":{"elevation":225.4889457336013},"LSO":{"elevation":1936.107274969174},"LTU":{"elevation":102.6102870183446},"LUX":{"elevation":374.7640750670241},"LVA":{"elevation":90.00227213143401},"MAR":{"elevation":681.8974024806764},"MDA":{"elevation":147.92759336099593},"MDG":{"elevation":546.6625177172087},"MEX":{"elevation":1074.8260664986417},"MKD":{"elevation":793.3622974963182},"MLI":{"elevation":322.14129544002117},"MLT":{"elevation":79.93103448275862},"MMR":{"elevation":578.8217433486834},"MNE":{"elevation":1039.0138274336284},"MNG":{"elevation":1480.5987544947632},"MOZ":{"elevation":368.0522821672249},"MRT":{"elevation":264.83037743631144},"MWI":{"elevation":955.9381610371886},"MYS":{"elevation":298.08695652173907},"NAM":{"elevation":1100.4600723259725},"NCL":{"elevation":284.6753782668501},"NER":{"elevation":464.16282437761237},"NGA":{"elevation":329.83229134272},"NIC":{"elevation":221.12734053889474},"NLD":{"elevation":11.45766661488271},"NOR":{"elevation":529.9090199902486},"NPL":{"elevation":1775.9182881597706},"NZL":{"elevation":539.9357616870666},"OMN":{"elevation":293.893096732309},"PAK":{"elevation":1060.7390949381845},"PAN":{"elevation":327.0304575338788},"PER":{"elevation":1528.8014291367688},"PHL":{"elevation":356.34772088666864},"PNG":{"elevation":658.5960073668172},"POL":{"elevation":166.58183444494148},"PRI":{"elevation":251.15034965034963},"PRK":{"elevation":651.4787018255577},"PRT":{"elevation":323.3719172257394},"PRY":{"elevation":168.34986484373258},"PSE":{"elevation":301.40387722132476},"QAT":{"elevation":33.28292682926829},"ROU":{"elevation":408.98739580050983},"RUS":{"elevation":449.5669675880284},"RWA":{"elevation":1666.3843252305107},"SAU":{"elevation":650.5566254247665},"SDN":{"elevation":535.1408715327575},"SEN":{"elevation":58.801503228409985},"SLB":{"elevation":273.73323471400397},"SLE":{"elevation":216.190720328121},"SLV":{"elevation":624.8139763779527},"SOM":{"elevation":277.171385405025},"SRB":{"elevation":430.0724397867254},"SSD":{"elevation":524.9261533227141},"SUR":{"elevation":169.2991240775226},"SVK":{"elevation":472.5981810665565},"SVN":{"elevation":486.86594982078844},"SWE":{"elevation":119.58399558498893},"SWZ":{"elevation":676.6414821944176},"SYR":{"elevation":517.581549173194},"TCD":{"elevation":517.5340609710203},"TGO":{"elevation":255.49525766677215},"THA":{"elevation":278.2908054034597},"TJK":{"elevation":2837.7256573484633},"TKM":{"elevation":237.23362359151022},"TLS":{"elevation":489.64154786150715},"TTO":{"elevation":71.0708661417323},"TUN":{"elevation":278.73451143451143},"TUR":{"elevation":1100.3837750734042},"TWN":{"elevation":761.4595609474294},"TZA":{"elevation":1033.277906650161},"UGA":{"elevation":1147.2016042568393},"UKR":{"elevation":175.1140844768898},"URY":{"elevation":104.2712823149923},"USA":{"elevation":774.2303226090511},"UZB":{"elevation":339.7376166262735},"VEN":{"elevation":334.2033147989735},"VNM":{"elevation":464.63692038495185},"VUT":{"elevation":274.07516339869284},"YEM":{"elevation":957.3793981481485},"ZAF":{"elevation":1034.269179752685},"ZMB":{"elevation":1124.009313873765},"ZWE":{"elevation":981.5354116667487}}